EzMPJE4pEvg.wav,10
lQcf-j-pN9g.wav,10
Gs-cF50x0XY.wav,7
VzvIhqQstBc.wav,10
zMrEP1ZzW9U.wav,10
q8oQpfRJ5Rc.wav,7
0B9yeknTznc.wav,10
-BHDFxe_SiA.wav,6
qOLeqEVDjII.wav,10
FtvkCWgjXoY.wav,3
OdWQaPadXDE.wav,7
R-5uWELAgjY.wav,10
RI0FLIKuXeY.wav,6
iTPm5O8xmeg.wav,3
MQWTO_yKqq8.wav,10
puwBZShGYEE.wav,6
rHXldrsyBm8.wav,4
ddg65_henUE.wav,2
qX9ih1XC7Vw.wav,10
6n77Ib52kAw.wav,10
0NgGDJmWMjc.wav,10
zq43weg6sjg.wav,5
2YBsBTUf33Q.wav,4
HyIDvLqYONA.wav,3
KRiG4zOxPjo.wav,10
93E4AOQFrk4.wav,7
3O76zdG-fMI.wav,6
kkj5AvUUmJA.wav,8
_h3HSQ6I8DA.wav,10
SsWLjtbQz2c.wav,8
QLwUXYkF5zI.wav,4
BWxEnoJaWYk.wav,5
0fBz_ec3Xuw.wav,5
LDL2tvLW3K8.wav,2
hBypYES5UYg.wav,10
5fpPvfY6EXM.wav,7
ipZt_r2ARTw.wav,5
5qkd4jTkpR4.wav,3
YTilkcIHL7g.wav,10
MZahX3pJ5GA.wav,9
NOG8HietO5w.wav,6
kFZ0yQ3KcYs.wav,2
SWbtALafXbw.wav,10
Wp_qFcCb9Ao.wav,9
U7AyCZrvUZ8.wav,7
OwBScNpggII.wav,10
AD74tuCXS9s.wav,10
my7lAmlCvb8.wav,6
_bmNEUrlKCA.wav,9
GMY3nQNjRMg.wav,8
vvP9t6k8gp8.wav,4
7QhfgP4s0W8.wav,3
zy-wvF3N2sY.wav,1
WoYYjaKZSzU.wav,0
m-5AV3nWbwM.wav,3
QaoHNhTBDSM.wav,2
GUgD6g0Cdc8.wav,2
UqbCfqtvxh0.wav,2
ixLbyMJ24UQ.wav,6
qV33dfDRATw.wav,8
agH500fFoPw.wav,3
kbg_ffh6_24.wav,1
Ggc5rzi-p6Y.wav,7
WXIqRbBJ1zA.wav,9
xvBWOvVZ4K4.wav,2
G5L0djDg1Oo.wav,9
pRpBx8kyaXY.wav,5
pHllTS1oIP0.wav,6
7d0skExDf18.wav,10
1SgMlt9I728.wav,10
Lo9KR3PIVhM.wav,5
_L-fBQx1mZQ.wav,9
Q63OFMKfk_A.wav,6
mx0akFPKguw.wav,1
V5SiSeVRgMA.wav,1
gPy9ix5Xhc0.wav,4
ejMJZ5FLclE.wav,4
om3YZ-i2234.wav,3
pFPV25anyIA.wav,2
2itlXIPA1uM.wav,2
ZQc7enIh0qY.wav,10
2Mw64gwlcEc.wav,9
LqdXokFoY8w.wav,6
S3xg_uklQ-E.wav,2
DM0fUouk7Fc.wav,7
D1V6OAM-PyU.wav,8
GsvCwfSNJe0.wav,10
eWL5-_oB8tg.wav,8
EUuN_j7wnKo.wav,5
_IJcifaRpXI.wav,8
gZFDapzz_Xo.wav,10
puNWmf7sXqA.wav,3
RBTrIHVAci8.wav,10
EksX0XX3HuY.wav,9
VRkzlvfUsFI.wav,8
h2WeJQAna0k.wav,3
1KgJjb5eKV0.wav,10
y5EH8D2Utxo.wav,9
kGGTKkS6g0o.wav,6
1THvJy2PpV4.wav,3
zjtiswx_7hE.wav,2
B_3pcLS3M5M.wav,9
cGbokIDIk2g.wav,9
FvB6rNe832Q.wav,8
tGMqT1N_bLU.wav,5
niUUU3ZBqX0.wav,3
NFQ-zG82Aw0.wav,9
v87h_CKTCe0.wav,9
OEButS_b6S4.wav,7
LowZOTGKVQ8.wav,1
G_t0P5XpW8g.wav,10
-YjNPSHsBLo.wav,10
mGxyVUPAUco.wav,6
7HUtCTqO6XQ.wav,6
xPMAIrjJHCw.wav,1
B-CxbIivjcE.wav,10
mt5Fi7laiIs.wav,5
202-UIsQyIE.wav,3
CpJpKAvln-o.wav,1
MyZsnglr99c.wav,9
qsxuLhq9Ps4.wav,9
D5dWTFqvMKk.wav,5
9w3BiznnNtc.wav,10
gV3UgEg3J_0.wav,9
rpgVzRaH-ko.wav,7
p9BsfU9ED4Q.wav,6
6ujqPn7t3Y0.wav,5
ER_fVnTTRQY.wav,4
Y1r6nSd6P30.wav,9
KeqRS0Kw1hE.wav,9
zuUP-NhI5Vk.wav,6
zYuT9E2Aqxc.wav,0
8aP8nw8LPMc.wav,10
8FTDFceG-0Q.wav,9
wnaklN8rJ34.wav,7
4rNiz9Pk4PE.wav,7
vpJNvfRN6F8.wav,1
8xr2pmIsN5A.wav,0
5eMBio-sGWA.wav,10
Jc1Pf9OYdJ0.wav,9
iRDXMdoE7W8.wav,8
QI3gSPQsg9g.wav,6
vdtI6tJ49DU.wav,3
gWDelvdlT-I.wav,10
vRXkwYBhVrY.wav,8
fRS785cTLow.wav,5
3kVWE0dK6UQ.wav,3
Y7_FVYRndis.wav,2
Hg2iVUqTHpY.wav,10
hr9nQ2VC8So.wav,9
Ri5_7iMcQLk.wav,5
9N-HI9BVpCw.wav,7
Y8icZEa6On0.wav,9
w9cszqxBWbs.wav,4
rlz79uKbpFs.wav,2
eT10RzBaSWw.wav,8
-g0tPcboqZ8.wav,10
fFCvZAPk8oo.wav,7
HTNw8HyAQkc.wav,1
da-TO5O9ER0.wav,9
Mr7u3wp7svY.wav,2
VWg3VUV0jAU.wav,9
kLAHi4H7WsM.wav,6
ZDoWghf_Jew.wav,7
HYV586RpLbQ.wav,3
XDydUz4UGow.wav,5
Q2JabD9vzq8.wav,9
lBrXLIQCinM.wav,2
rYbZs7PnBzM.wav,10
4zSqXy_yQUA.wav,6
GqFQMkdsBjY.wav,4
cqytbrnzjNs.wav,10
FureSrnCs4Y.wav,2
rxXJ7uDAj0c.wav,5
acQb68u6vMw.wav,9
6V-6Kr7hbxQ.wav,3
S4cAjpBtfD0.wav,6
Z7a-Xrq0ErQ.wav,10
205ILS_g7KI.wav,2
_0AZI6vcnS0.wav,9
l5KREMeN-0s.wav,6
YPSlmDJhoU0.wav,9
U2K4pvTYQBM.wav,7
8ue6ep9HJzc.wav,8
Nwuw78HSGMM.wav,2
mAGxQGc2orc.wav,10
KoMyVWuxe_g.wav,1
r_0NWt3Ck0M.wav,3
mtOZdHHHF2E.wav,7
2WnGE8he3xA.wav,9
EFugF4oQr4E.wav,3
vwzYzr-sCog.wav,8
KFIxHcr4GOA.wav,9
QeG68ruhoOk.wav,6
G-UGmR8u_Ng.wav,4
_uoTkBy7ryk.wav,9
2mPgRbZ51vg.wav,4
AdG4ta3_LkU.wav,9
dAZX_YzkMj0.wav,6
fQ9AXhS-NzY.wav,1
Gnp2bob3P3s.wav,3
rQ32G2j1Oq8.wav,3
s6D-3xP-Qjo.wav,10
qwfB9dNSKyw.wav,8