EzMPJE4pEvg.wav,2
lQcf-j-pN9g.wav,2
Gs-cF50x0XY.wav,1
VzvIhqQstBc.wav,2
zMrEP1ZzW9U.wav,2
q8oQpfRJ5Rc.wav,1
0B9yeknTznc.wav,2
-BHDFxe_SiA.wav,1
qOLeqEVDjII.wav,2
FtvkCWgjXoY.wav,0
OdWQaPadXDE.wav,1
R-5uWELAgjY.wav,2
RI0FLIKuXeY.wav,1
iTPm5O8xmeg.wav,0
MQWTO_yKqq8.wav,2
puwBZShGYEE.wav,1
rHXldrsyBm8.wav,1
ddg65_henUE.wav,0
qX9ih1XC7Vw.wav,2
6n77Ib52kAw.wav,2
0NgGDJmWMjc.wav,2
zq43weg6sjg.wav,1
2YBsBTUf33Q.wav,1
HyIDvLqYONA.wav,0
KRiG4zOxPjo.wav,2
93E4AOQFrk4.wav,1
3O76zdG-fMI.wav,1
kkj5AvUUmJA.wav,2
_h3HSQ6I8DA.wav,2
SsWLjtbQz2c.wav,2
QLwUXYkF5zI.wav,1
BWxEnoJaWYk.wav,1
0fBz_ec3Xuw.wav,1
LDL2tvLW3K8.wav,0
hBypYES5UYg.wav,2
5fpPvfY6EXM.wav,1
ipZt_r2ARTw.wav,1
5qkd4jTkpR4.wav,0
YTilkcIHL7g.wav,2
MZahX3pJ5GA.wav,2
NOG8HietO5w.wav,1
kFZ0yQ3KcYs.wav,0
SWbtALafXbw.wav,2
Wp_qFcCb9Ao.wav,2
U7AyCZrvUZ8.wav,1
OwBScNpggII.wav,2
AD74tuCXS9s.wav,2
my7lAmlCvb8.wav,1
_bmNEUrlKCA.wav,2
GMY3nQNjRMg.wav,2
vvP9t6k8gp8.wav,1
7QhfgP4s0W8.wav,0
zy-wvF3N2sY.wav,0
WoYYjaKZSzU.wav,0
m-5AV3nWbwM.wav,0
QaoHNhTBDSM.wav,0
GUgD6g0Cdc8.wav,0
UqbCfqtvxh0.wav,0
ixLbyMJ24UQ.wav,1
qV33dfDRATw.wav,2
agH500fFoPw.wav,0
kbg_ffh6_24.wav,0
Ggc5rzi-p6Y.wav,1
WXIqRbBJ1zA.wav,2
xvBWOvVZ4K4.wav,0
G5L0djDg1Oo.wav,2
pRpBx8kyaXY.wav,1
pHllTS1oIP0.wav,1
7d0skExDf18.wav,2
1SgMlt9I728.wav,2
Lo9KR3PIVhM.wav,1
_L-fBQx1mZQ.wav,2
Q63OFMKfk_A.wav,1
mx0akFPKguw.wav,0
V5SiSeVRgMA.wav,0
gPy9ix5Xhc0.wav,1
ejMJZ5FLclE.wav,1
om3YZ-i2234.wav,0
pFPV25anyIA.wav,0
2itlXIPA1uM.wav,0
ZQc7enIh0qY.wav,2
2Mw64gwlcEc.wav,2
LqdXokFoY8w.wav,1
S3xg_uklQ-E.wav,0
DM0fUouk7Fc.wav,1
D1V6OAM-PyU.wav,2
GsvCwfSNJe0.wav,2
eWL5-_oB8tg.wav,2
EUuN_j7wnKo.wav,1
_IJcifaRpXI.wav,2
gZFDapzz_Xo.wav,2
puNWmf7sXqA.wav,0
RBTrIHVAci8.wav,2
EksX0XX3HuY.wav,2
VRkzlvfUsFI.wav,2
h2WeJQAna0k.wav,0
1KgJjb5eKV0.wav,2
y5EH8D2Utxo.wav,2
kGGTKkS6g0o.wav,1
1THvJy2PpV4.wav,0
zjtiswx_7hE.wav,0
B_3pcLS3M5M.wav,2
cGbokIDIk2g.wav,2
FvB6rNe832Q.wav,2
tGMqT1N_bLU.wav,1
niUUU3ZBqX0.wav,0
NFQ-zG82Aw0.wav,2
v87h_CKTCe0.wav,2
OEButS_b6S4.wav,1
LowZOTGKVQ8.wav,0
G_t0P5XpW8g.wav,2
-YjNPSHsBLo.wav,2
mGxyVUPAUco.wav,1
7HUtCTqO6XQ.wav,1
xPMAIrjJHCw.wav,0
B-CxbIivjcE.wav,2
mt5Fi7laiIs.wav,1
202-UIsQyIE.wav,0
CpJpKAvln-o.wav,0
MyZsnglr99c.wav,2
qsxuLhq9Ps4.wav,2
D5dWTFqvMKk.wav,1
9w3BiznnNtc.wav,2
gV3UgEg3J_0.wav,2
rpgVzRaH-ko.wav,1
p9BsfU9ED4Q.wav,1
6ujqPn7t3Y0.wav,1
ER_fVnTTRQY.wav,1
Y1r6nSd6P30.wav,2
KeqRS0Kw1hE.wav,2
zuUP-NhI5Vk.wav,1
zYuT9E2Aqxc.wav,0
8aP8nw8LPMc.wav,2
8FTDFceG-0Q.wav,2
wnaklN8rJ34.wav,1
4rNiz9Pk4PE.wav,1
vpJNvfRN6F8.wav,0
8xr2pmIsN5A.wav,0
5eMBio-sGWA.wav,2
Jc1Pf9OYdJ0.wav,2
iRDXMdoE7W8.wav,2
QI3gSPQsg9g.wav,1
vdtI6tJ49DU.wav,0
gWDelvdlT-I.wav,2
vRXkwYBhVrY.wav,2
fRS785cTLow.wav,1
3kVWE0dK6UQ.wav,0
Y7_FVYRndis.wav,0
Hg2iVUqTHpY.wav,2
hr9nQ2VC8So.wav,2
Ri5_7iMcQLk.wav,1
9N-HI9BVpCw.wav,1
Y8icZEa6On0.wav,2
w9cszqxBWbs.wav,1
rlz79uKbpFs.wav,0
eT10RzBaSWw.wav,2
-g0tPcboqZ8.wav,2
fFCvZAPk8oo.wav,1
HTNw8HyAQkc.wav,0
da-TO5O9ER0.wav,2
Mr7u3wp7svY.wav,0
VWg3VUV0jAU.wav,2
kLAHi4H7WsM.wav,1
ZDoWghf_Jew.wav,1
HYV586RpLbQ.wav,0
XDydUz4UGow.wav,1
Q2JabD9vzq8.wav,2
lBrXLIQCinM.wav,0
rYbZs7PnBzM.wav,2
4zSqXy_yQUA.wav,1
GqFQMkdsBjY.wav,1
cqytbrnzjNs.wav,2
FureSrnCs4Y.wav,0
rxXJ7uDAj0c.wav,1
acQb68u6vMw.wav,2
6V-6Kr7hbxQ.wav,0
S4cAjpBtfD0.wav,1
Z7a-Xrq0ErQ.wav,2
205ILS_g7KI.wav,0
_0AZI6vcnS0.wav,2
l5KREMeN-0s.wav,1
YPSlmDJhoU0.wav,2
U2K4pvTYQBM.wav,1
8ue6ep9HJzc.wav,2
Nwuw78HSGMM.wav,0
mAGxQGc2orc.wav,2
KoMyVWuxe_g.wav,0
r_0NWt3Ck0M.wav,0
mtOZdHHHF2E.wav,1
2WnGE8he3xA.wav,2
EFugF4oQr4E.wav,0
vwzYzr-sCog.wav,2
KFIxHcr4GOA.wav,2
QeG68ruhoOk.wav,1
G-UGmR8u_Ng.wav,1
_uoTkBy7ryk.wav,2
2mPgRbZ51vg.wav,1
AdG4ta3_LkU.wav,2
dAZX_YzkMj0.wav,1
fQ9AXhS-NzY.wav,0
Gnp2bob3P3s.wav,0
rQ32G2j1Oq8.wav,0
s6D-3xP-Qjo.wav,2
qwfB9dNSKyw.wav,2