RBTrIHVAci8.wav,10
EksX0XX3HuY.wav,9
VRkzlvfUsFI.wav,8

h2WeJQAna0k.wav,3
1KgJjb5eKV0.wav,10
y5EH8D2Utxo.wav,9
kGGTKkS6g0o.wav,6
1THvJy2PpV4.wav,3
zjtiswx_7hE.wav,2
B_3pcLS3M5M.wav,9
cGbokIDIk2g.wav,9
FvB6rNe832Q.wav,8
tGMqT1N_bLU.wav,5
niUUU3ZBqX0.wav,3
NFQ-zG82Aw0.wav,9
v87h_CKTCe0.wav,9
OEButS_b6S4.wav,7
LowZOTGKVQ8.wav,1
G_t0P5XpW8g.wav,10
-YjNPSHsBLo.wav,10
mGxyVUPAUco.wav,6
7HUtCTqO6XQ.wav,6
xPMAIrjJHCw.wav,1
B-CxbIivjcE.wav,10
mt5Fi7laiIs.wav,5
202-UIsQyIE.wav,3
CpJpKAvln-o.wav,1
MyZsnglr99c.wav,9
qsxuLhq9Ps4.wav,9
D5dWTFqvMKk.wav,5
9w3BiznnNtc.wav,10
gV3UgEg3J_0.wav,9

rpgVzRaH-ko.wav,7
p9BsfU9ED4Q.wav,6
6ujqPn7t3Y0.wav,5
ER_fVnTTRQY.wav,4
Y1r6nSd6P30.wav,9
KeqRS0Kw1hE.wav,9
zuUP-NhI5Vk.wav,6
zYuT9E2Aqxc.wav,0
8aP8nw8LPMc.wav,10
8FTDFceG-0Q.wav,9
wnaklN8rJ34.wav,7
4rNiz9Pk4PE.wav,7
vpJNvfRN6F8.wav,1
8xr2pmIsN5A.wav,0
5eMBio-sGWA.wav,10
Jc1Pf9OYdJ0.wav,9
iRDXMdoE7W8.wav,8
QI3gSPQsg9g.wav,6

vdtI6tJ49DU.wav,3
gWDelvdlT-I.wav,10
vRXkwYBhVrY.wav,8
fRS785cTLow.wav,5
3kVWE0dK6UQ.wav,3

Y7_FVYRndis.wav,2
Hg2iVUqTHpY.wav,10
hr9nQ2VC8So.wav,9
Ri5_7iMcQLk.wav,5
9N-HI9BVpCw.wav,7
Y8icZEa6On0.wav,9
w9cszqxBWbs.wav,4
rlz79uKbpFs.wav,2
eT10RzBaSWw.wav,8
-g0tPcboqZ8.wav,10
fFCvZAPk8oo.wav,7
HTNw8HyAQkc.wav,1
da-TO5O9ER0.wav,9
Mr7u3wp7svY.wav,2
VWg3VUV0jAU.wav,9
kLAHi4H7WsM.wav,6
ZDoWghf_Jew.wav,7
HYV586RpLbQ.wav,3
XDydUz4UGow.wav,5
Q2JabD9vzq8.wav,9
lBrXLIQCinM.wav,2
rYbZs7PnBzM.wav,10
4zSqXy_yQUA.wav,6

GqFQMkdsBjY.wav,4
cqytbrnzjNs.wav,10
FureSrnCs4Y.wav,2
rxXJ7uDAj0c.wav,5
acQb68u6vMw.wav,9
6V-6Kr7hbxQ.wav,3
S4cAjpBtfD0.wav,6
Z7a-Xrq0ErQ.wav,10
205ILS_g7KI.wav,2
_0AZI6vcnS0.wav,9

l5KREMeN-0s.wav,6
YPSlmDJhoU0.wav,9

U2K4pvTYQBM.wav,7
8ue6ep9HJzc.wav,8
Nwuw78HSGMM.wav,2
mAGxQGc2orc.wav,10
KoMyVWuxe_g.wav,1
r_0NWt3Ck0M.wav,3
mtOZdHHHF2E.wav,7
2WnGE8he3xA.wav,9
EFugF4oQr4E.wav,3
vwzYzr-sCog.wav,8
KFIxHcr4GOA.wav,9
QeG68ruhoOk.wav,6
G-UGmR8u_Ng.wav,4
_uoTkBy7ryk.wav,9


tVDgAq_Rl9c.wav ------,6
qwfB9dNSKyw.wav ------,8
Gnp2bob3P3s.wav ------,3
rQ32G2j1Oq8.wav ------,3
MdjKqUoFmBk.wav ------,3
Lt0ofBL40T8.wav ------,2
4DbXGM1gj8c.wav ------,3